GivenName,MiddleInitial,Surname,StreetAddress,City,State,ZipCode,EmailAddress,Username,Password,TelephoneNumber
Charles,D,Alexander,2088 Hillside Drive,Cambridge,MA,12141,CharlesDAlexander@clientdomain.com,Othy1935,XDMSjLvWgGF,339-814-9960
John,J,Jones,1501 Copperhead Road,Farmington,CT,16032,JohnJJones@clientdomain.com,Hustry,bmVcKzWphuS,860-678-5692
Erika,N,Ransdell,174 Caldwell Road,Fairport,NY,14450,ErikaNRansdell@clientdomain.com,Chustered1993,$FwM3Hs+taev2*%f,585-267-6077
Frank,E,Helmick,3216 Harley Brook Lane,Erie,PA,16501,FrankEHelmick@clientdomain.com,Auneance,q$_pL/6!D%?9(vXn,814-528-2078
Christopher,C,Hale,2900 Golf Course Drive,Washington,VA,20011,ChristopherCHale@clientdomain.com,Fintich,+6W=F&LTK@c>2t?Z,703-342-1511
Mary,D,Silva,325 Green Gate Lane,Chantilly,MD,20151,MaryDSilva@clientdomain.com,Laine1948,btwWeJxshSn,443-726-6761
Billie,R,White,4501 Cabell Avenue,Beltsville,VA,20705,BillieRWhite@clientdomain.com,Hincycle,xwvr6X+KyY}c(Nmf,703-599-0791
Patricia,F,Cochran,201 Jennifer Lane,Raleigh,NC,27616,PatriciaFCochran@clientdomain.com,Seench,9(Cy8S=@)aPws[Lc,919-439-5005
Linda,S,Castle,2363 Stratford Court,Durham,NC,27701,LindaSCastle@clientdomain.com,Paptur,+E7R2f*=HvrS>gqX,919-688-0995
Gloria,W,Hicks,1108 Arbutus Drive,Miami Springs,FL,33166,GloriaWHicks@clientdomain.com,Thfuld51,ejXPHvyabUC,305-840-2808
Julia,A,Matthews,3985 Warner Street,North Dade,FL,33180,JuliaAMatthews@clientdomain.com,Ature1979,=gHEY+-&9w!(_^P7,305-935-6701
Heather,T,Marquez,81 Duffy Street,Hammond,IN,46323,HeatherTMarquez@clientdomain.com,Coused36,9MBt{GeN}L>5j]mC,219-838-2166
Florence,M,Landers,2207 Tuna Street,Southfield,MI,48075,FlorenceMLanders@clientdomain.com,Nessichaved,WuPxGRFEbTn,810-937-3404
Angela,J,Patton,1264 Ashwood Drive,Council Bluffs,IA,51501,AngelaJPatton@clientdomain.com,Patern,!z>.K/5sR}7Nb(]V,712-366-4638
Carl,E,Young,4821 Bailey Drive,Iowa City,IA,52240,CarlEYoung@clientdomain.com,Tentme1953,uZPX=VSs$E_2-{]^,319-356-1580
Keith,G,Zamora,2519 Reeves Street,Lena,WI,54139,KeithGZamora@clientdomain.com,Nect1952,Z-p]xSTGNqz%Ck(2,920-829-1007
Ted,L,White,706 Pineview Drive,Marshall,MN,56258,TedLWhite@clientdomain.com,Meman1989,UBTNjzkWQbr,507-929-2767
Dustin,L,Sigler,2947 North Avenue,Giltner,NE,68841,DustinLSigler@clientdomain.com,Priefichat,R9p>ncEbNy4A@GL3,402-849-0966
Catherine,O,Merritt,3906 Emerson Road,Dubach,LA,71235,CatherineOMerritt@clientdomain.com,Sartury,LDsHcfxtbph,318-777-9992
Inez,H,Waters,1517 Whispering Pines Circle,Dallas,TX,75240,InezHWaters@clientdomain.com,Heach1976,TszYCSULvBd,972-362-8121
Martin,E,McBride,4409 Parrish Avenue,San Antonio,TX,78205,MartinEMcBride@clientdomain.com,Namen1973,L7dxqz%.u(8NDX+J,830-848-2671
Betty,W,House,2915 Logan Lane,Denver,CO,80221,BettyWHouse@clientdomain.com,Plabou,Hwr6SQjbsE.k>@42,303-262-0686
Duane,H,Rapoza,4615 Clarksburg Park Road,Yuma,AZ,85365,DuaneHRapoza@clientdomain.com,Motersight,4VmANX3W5+Z=FqT8,928-317-5460
Gerald,J,Mosqueda,3464 Euclid Avenue,Los Angeles,CA,90014,GeraldJMosqueda@clientdomain.com,Asaing,mfLGjazFtuk,805-299-8864
Roy,C,Kellogg,3535 Poplar Avenue,San Diego,CA,92111,RoyCKellogg@clientdomain.com,Clat1979,rgvBW]t7}V5+)D=N,619-540-6270
Cathy,R,Frisbie,880 Kerry Way,Irvine,CA,92614,CathyRFrisbie@clientdomain.com,Hime1979,bHwdmXnYMPF,562-832-0226
Denise,J,Gaston,877 Norman Street,Irvine,CA,92614,DeniseJGaston@clientdomain.com,Ingdp1999,RE6QPsZY8Au9!5h_,323-304-5111
John,K,Lemon,1924 Angie Drive,Santa Ana,CA,92701,JohnKLemon@clientdomain.com,Doreas73,=t_nX7[(B)zq]CaW,714-972-1259
Melissa,R,Lubin,848 Jim Rosa Lane,San Francisco,CA,94107,MelissaRLubin@clientdomain.com,Compt1936,hUVJcMLSR7D]tz-4,415-816-0851
Mimi,E,Faulkner,4389 Timbercrest Road,Circle,AK,99733,MimiEFaulkner@clientdomain.com,Seepas,4HT&[^9rk}WVAq.Y,907-773-9186
